Name,BDMAP_ID
RS-GIST-103_arterial,BDMAP_00086807
RS-GIST-103_delayed,BDMAP_00086808
RS-GIST-103_non-contrast,BDMAP_00086809
RS-GIST-103_venous,BDMAP_00086810
RS-GIST-105_arterial,BDMAP_00086812
RS-GIST-105_delayed,BDMAP_00086813
RS-GIST-105_non-contrast,BDMAP_00086814
RS-GIST-105_venous,BDMAP_00086815
RS-GIST-106_arterial,BDMAP_00086816
RS-GIST-106_delayed,BDMAP_00086817
RS-GIST-106_non-contrast,BDMAP_00086818
RS-GIST-106_venous,BDMAP_00086819
RS-GIST-108_arterial,BDMAP_00086822
RS-GIST-108_delayed,BDMAP_00086823
RS-GIST-108_non-contrast,BDMAP_00086824
RS-GIST-108_venous,BDMAP_00086825
RS-GIST-109_arterial,BDMAP_00086826
RS-GIST-109_delayed,BDMAP_00086827
RS-GIST-109_non-contrast,BDMAP_00086828
RS-GIST-109_venous,BDMAP_00086829
RS-GIST-111_arterial,BDMAP_00086834
RS-GIST-111_delayed,BDMAP_00086835
RS-GIST-111_non-contrast,BDMAP_00086836
RS-GIST-111_venous,BDMAP_00086837
RS-GIST-113_arterial,BDMAP_00086841
RS-GIST-113_delayed,BDMAP_00086842
RS-GIST-113_non-contrast,BDMAP_00086843
RS-GIST-113_venous,BDMAP_00086844
RS-GIST-116_arterial,BDMAP_00086848
RS-GIST-116_delayed,BDMAP_00086849
RS-GIST-116_non-contrast,BDMAP_00086850
RS-GIST-116_venous,BDMAP_00086851
RS-GIST-117_arterial,BDMAP_00086852
RS-GIST-117_delayed,BDMAP_00086853
RS-GIST-117_non-contrast,BDMAP_00086854
RS-GIST-117_venous,BDMAP_00086855
RS-GIST-118_arterial,BDMAP_00086856
RS-GIST-118_delayed,BDMAP_00086857
RS-GIST-118_non-contrast,BDMAP_00086858
RS-GIST-118_venous,BDMAP_00086859
RS-GIST-11_arterial,BDMAP_00086861
RS-GIST-11_delayed,BDMAP_00086862
RS-GIST-11_non-contrast,BDMAP_00086863
RS-GIST-11_venous,BDMAP_00086864
RS-GIST-121_arterial,BDMAP_00086866
RS-GIST-121_delayed,BDMAP_00086867
RS-GIST-121_non-contrast,BDMAP_00086868
RS-GIST-121_venous,BDMAP_00086869
RS-GIST-122_arterial,BDMAP_00086870
RS-GIST-122_delayed,BDMAP_00086871
RS-GIST-122_non-contrast,BDMAP_00086872
RS-GIST-122_venous,BDMAP_00086873
RS-GIST-123_arterial,BDMAP_00086874
RS-GIST-123_delayed,BDMAP_00086875
RS-GIST-123_non-contrast,BDMAP_00086876
RS-GIST-123_venous,BDMAP_00086877
RS-GIST-125_arterial,BDMAP_00086879
RS-GIST-125_delayed,BDMAP_00086880
RS-GIST-125_non-contrast,BDMAP_00086881
RS-GIST-125_venous,BDMAP_00086882
RS-GIST-126_arterial,BDMAP_00086883
RS-GIST-126_delayed,BDMAP_00086884
RS-GIST-126_non-contrast,BDMAP_00086885
RS-GIST-126_venous,BDMAP_00086886
RS-GIST-127_arterial,BDMAP_00086887
RS-GIST-127_delayed,BDMAP_00086888
RS-GIST-127_non-contrast,BDMAP_00086889
RS-GIST-127_venous,BDMAP_00086890
RS-GIST-130_arterial,BDMAP_00086897
RS-GIST-130_delayed,BDMAP_00086898
RS-GIST-130_non-contrast,BDMAP_00086899
RS-GIST-130_venous,BDMAP_00086900
RS-GIST-131_arterial,BDMAP_00086901
RS-GIST-131_delayed,BDMAP_00086902
RS-GIST-131_non-contrast,BDMAP_00086903
RS-GIST-131_venous,BDMAP_00086904
RS-GIST-133_arterial,BDMAP_00086906
RS-GIST-133_delayed,BDMAP_00086907
RS-GIST-133_non-contrast,BDMAP_00086908
RS-GIST-133_venous,BDMAP_00086909
RS-GIST-134_arterial,BDMAP_00086910
RS-GIST-134_delayed,BDMAP_00086911
RS-GIST-134_non-contrast,BDMAP_00086912
RS-GIST-134_venous,BDMAP_00086913
RS-GIST-135_arterial,BDMAP_00086914
RS-GIST-135_delayed,BDMAP_00086915
RS-GIST-135_non-contrast,BDMAP_00086916
RS-GIST-135_venous,BDMAP_00086917
RS-GIST-137_arterial,BDMAP_00086919
RS-GIST-137_delayed,BDMAP_00086920
RS-GIST-137_non-contrast,BDMAP_00086921
RS-GIST-137_venous,BDMAP_00086922
RS-GIST-141_arterial,BDMAP_00086931
RS-GIST-141_delayed,BDMAP_00086932
RS-GIST-141_non-contrast,BDMAP_00086933
RS-GIST-141_venous,BDMAP_00086934
RS-GIST-142_arterial,BDMAP_00086935
RS-GIST-142_delayed,BDMAP_00086936
RS-GIST-142_non-contrast,BDMAP_00086937
RS-GIST-142_venous,BDMAP_00086938
RS-GIST-143_arterial,BDMAP_00086939
RS-GIST-143_delayed,BDMAP_00086940
RS-GIST-143_non-contrast,BDMAP_00086941
RS-GIST-143_venous,BDMAP_00086942
RS-GIST-144_arterial,BDMAP_00086943
RS-GIST-144_delayed,BDMAP_00086944
RS-GIST-144_non-contrast,BDMAP_00086945
RS-GIST-144_venous,BDMAP_00086946
RS-GIST-146_arterial,BDMAP_00086950
RS-GIST-146_delayed,BDMAP_00086951
RS-GIST-146_non-contrast,BDMAP_00086952
RS-GIST-146_venous,BDMAP_00086953
RS-GIST-147_arterial,BDMAP_00086954
RS-GIST-147_delayed,BDMAP_00086955
RS-GIST-147_non-contrast,BDMAP_00086956
RS-GIST-147_venous,BDMAP_00086957
RS-GIST-149_arterial,BDMAP_00086959
RS-GIST-149_delayed,BDMAP_00086960
RS-GIST-149_non-contrast,BDMAP_00086961
RS-GIST-149_venous,BDMAP_00086962
RS-GIST-14_arterial,BDMAP_00086963
RS-GIST-14_delayed,BDMAP_00086964
RS-GIST-14_non-contrast,BDMAP_00086965
RS-GIST-14_venous,BDMAP_00086966
RS-GIST-151_arterial,BDMAP_00086968
RS-GIST-151_delayed,BDMAP_00086969
RS-GIST-151_non-contrast,BDMAP_00086970
RS-GIST-151_venous,BDMAP_00086971
RS-GIST-152_arterial,BDMAP_00086972
RS-GIST-152_delayed,BDMAP_00086973
RS-GIST-152_non-contrast,BDMAP_00086974
RS-GIST-152_venous,BDMAP_00086975
RS-GIST-156_arterial,BDMAP_00086979
RS-GIST-156_delayed,BDMAP_00086980
RS-GIST-156_non-contrast,BDMAP_00086981
RS-GIST-156_venous,BDMAP_00086982
RS-GIST-157_arterial,BDMAP_00086983
RS-GIST-157_delayed,BDMAP_00086984
RS-GIST-157_non-contrast,BDMAP_00086985
RS-GIST-157_venous,BDMAP_00086986
RS-GIST-164_arterial,BDMAP_00086998
RS-GIST-164_delayed,BDMAP_00086999
RS-GIST-164_non-contrast,BDMAP_00087000
RS-GIST-164_venous,BDMAP_00087001
RS-GIST-166_arterial,BDMAP_00087003
RS-GIST-166_delayed,BDMAP_00087004
RS-GIST-166_non-contrast,BDMAP_00087005
RS-GIST-166_venous,BDMAP_00087006
RS-GIST-168_arterial,BDMAP_00087010
RS-GIST-168_delayed,BDMAP_00087011
RS-GIST-168_non-contrast,BDMAP_00087012
RS-GIST-168_venous,BDMAP_00087013
RS-GIST-174_arterial,BDMAP_00087025
RS-GIST-174_delayed,BDMAP_00087026
RS-GIST-174_non-contrast,BDMAP_00087027
RS-GIST-174_venous,BDMAP_00087028
RS-GIST-175_arterial,BDMAP_00087029
RS-GIST-175_delayed,BDMAP_00087030
RS-GIST-175_non-contrast,BDMAP_00087031
RS-GIST-175_venous,BDMAP_00087032
RS-GIST-178_arterial,BDMAP_00087037
RS-GIST-178_delayed,BDMAP_00087038
RS-GIST-178_non-contrast,BDMAP_00087039
RS-GIST-178_venous,BDMAP_00087040
RS-GIST-180_arterial,BDMAP_00087045
RS-GIST-180_delayed,BDMAP_00087046
RS-GIST-180_non-contrast,BDMAP_00087047
RS-GIST-180_venous,BDMAP_00087048
RS-GIST-181_arterial,BDMAP_00087049
RS-GIST-181_delayed,BDMAP_00087050
RS-GIST-181_non-contrast,BDMAP_00087051
RS-GIST-181_venous,BDMAP_00087052
RS-GIST-182_arterial,BDMAP_00087053
RS-GIST-182_delayed,BDMAP_00087054
RS-GIST-182_non-contrast,BDMAP_00087055
RS-GIST-182_venous,BDMAP_00087056
RS-GIST-185_arterial,BDMAP_00087060
RS-GIST-185_delayed,BDMAP_00087061
RS-GIST-185_non-contrast,BDMAP_00087062
RS-GIST-185_venous,BDMAP_00087063
RS-GIST-186_arterial,BDMAP_00087064
RS-GIST-186_delayed,BDMAP_00087065
RS-GIST-186_non-contrast,BDMAP_00087066
RS-GIST-186_venous,BDMAP_00087067
RS-GIST-187_arterial,BDMAP_00087068
RS-GIST-187_delayed,BDMAP_00087069
RS-GIST-187_non-contrast,BDMAP_00087070
RS-GIST-187_venous,BDMAP_00087071
RS-GIST-188_arterial,BDMAP_00087072
RS-GIST-188_delayed,BDMAP_00087073
RS-GIST-188_non-contrast,BDMAP_00087074
RS-GIST-188_venous,BDMAP_00087075
RS-GIST-189_arterial,BDMAP_00087076
RS-GIST-189_delayed,BDMAP_00087077
RS-GIST-189_non-contrast,BDMAP_00087078
RS-GIST-189_venous,BDMAP_00087079
RS-GIST-190_arterial,BDMAP_00087083
RS-GIST-190_delayed,BDMAP_00087084
RS-GIST-190_non-contrast,BDMAP_00087085
RS-GIST-190_venous,BDMAP_00087086
RS-GIST-191_arterial,BDMAP_00087087
RS-GIST-191_delayed,BDMAP_00087088
RS-GIST-191_non-contrast,BDMAP_00087089
RS-GIST-191_venous,BDMAP_00087090
RS-GIST-192_arterial,BDMAP_00087091
RS-GIST-192_delayed,BDMAP_00087092
RS-GIST-192_non-contrast,BDMAP_00087093
RS-GIST-192_venous,BDMAP_00087094
RS-GIST-193_arterial,BDMAP_00087095
RS-GIST-193_delayed,BDMAP_00087096
RS-GIST-193_non-contrast,BDMAP_00087097
RS-GIST-193_venous,BDMAP_00087098
RS-GIST-194_arterial,BDMAP_00087099
RS-GIST-194_delayed,BDMAP_00087100
RS-GIST-194_non-contrast,BDMAP_00087101
RS-GIST-194_venous,BDMAP_00087102
RS-GIST-195_arterial,BDMAP_00087103
RS-GIST-195_delayed,BDMAP_00087104
RS-GIST-195_non-contrast,BDMAP_00087105
RS-GIST-195_venous,BDMAP_00087106
RS-GIST-196_arterial,BDMAP_00087107
RS-GIST-196_delayed,BDMAP_00087108
RS-GIST-196_non-contrast,BDMAP_00087109
RS-GIST-196_venous,BDMAP_00087110
RS-GIST-197_arterial,BDMAP_00087111
RS-GIST-197_delayed,BDMAP_00087112
RS-GIST-197_non-contrast,BDMAP_00087113
RS-GIST-197_venous,BDMAP_00087114
RS-GIST-198_arterial,BDMAP_00087115
RS-GIST-198_delayed,BDMAP_00087116
RS-GIST-198_non-contrast,BDMAP_00087117
RS-GIST-198_venous,BDMAP_00087118
RS-GIST-199_arterial,BDMAP_00087119
RS-GIST-199_delayed,BDMAP_00087120
RS-GIST-199_non-contrast,BDMAP_00087121
RS-GIST-199_venous,BDMAP_00087122
RS-GIST-19_arterial,BDMAP_00087123
RS-GIST-19_delayed,BDMAP_00087124
RS-GIST-19_non-contrast,BDMAP_00087125
RS-GIST-19_venous,BDMAP_00087126
RS-GIST-201_arterial,BDMAP_00087129
RS-GIST-201_delayed,BDMAP_00087130
RS-GIST-201_non-contrast,BDMAP_00087131
RS-GIST-201_venous,BDMAP_00087132
RS-GIST-203_arterial,BDMAP_00087135
RS-GIST-203_delayed,BDMAP_00087136
RS-GIST-203_non-contrast,BDMAP_00087137
RS-GIST-203_venous,BDMAP_00087138
RS-GIST-204_arterial,BDMAP_00087139
RS-GIST-204_delayed,BDMAP_00087140
RS-GIST-204_non-contrast,BDMAP_00087141
RS-GIST-204_venous,BDMAP_00087142
RS-GIST-206_arterial,BDMAP_00087146
RS-GIST-206_delayed,BDMAP_00087147
RS-GIST-206_non-contrast,BDMAP_00087148
RS-GIST-206_venous,BDMAP_00087149
RS-GIST-207_arterial,BDMAP_00087150
RS-GIST-207_delayed,BDMAP_00087151
RS-GIST-207_non-contrast,BDMAP_00087152
RS-GIST-207_venous,BDMAP_00087153
RS-GIST-208_arterial,BDMAP_00087154
RS-GIST-208_delayed,BDMAP_00087155
RS-GIST-208_non-contrast,BDMAP_00087156
RS-GIST-208_venous,BDMAP_00087157
RS-GIST-210_arterial,BDMAP_00087160
RS-GIST-210_delayed,BDMAP_00087161
RS-GIST-210_non-contrast,BDMAP_00087162
RS-GIST-210_venous,BDMAP_00087163
RS-GIST-211_arterial,BDMAP_00087164
RS-GIST-211_delayed,BDMAP_00087165
RS-GIST-211_non-contrast,BDMAP_00087166
RS-GIST-211_venous,BDMAP_00087167
RS-GIST-213_arterial,BDMAP_00087171
RS-GIST-213_delayed,BDMAP_00087172
RS-GIST-213_non-contrast,BDMAP_00087173
RS-GIST-213_venous,BDMAP_00087174
RS-GIST-214_arterial,BDMAP_00087175
RS-GIST-214_delayed,BDMAP_00087176
RS-GIST-214_non-contrast,BDMAP_00087177
RS-GIST-214_venous,BDMAP_00087178
RS-GIST-216_arterial,BDMAP_00087180
RS-GIST-216_delayed,BDMAP_00087181
RS-GIST-216_non-contrast,BDMAP_00087182
RS-GIST-216_venous,BDMAP_00087183
RS-GIST-218_arterial,BDMAP_00087185
RS-GIST-218_delayed,BDMAP_00087186
RS-GIST-218_non-contrast,BDMAP_00087187
RS-GIST-218_venous,BDMAP_00087188
RS-GIST-219_arterial,BDMAP_00087189
RS-GIST-219_delayed,BDMAP_00087190
RS-GIST-219_non-contrast,BDMAP_00087191
RS-GIST-219_venous,BDMAP_00087192
RS-GIST-220_arterial,BDMAP_00087196
RS-GIST-220_delayed,BDMAP_00087197
RS-GIST-220_non-contrast,BDMAP_00087198
RS-GIST-220_venous,BDMAP_00087199
RS-GIST-221_arterial,BDMAP_00087200
RS-GIST-221_delayed,BDMAP_00087201
RS-GIST-221_non-contrast,BDMAP_00087202
RS-GIST-221_venous,BDMAP_00087203
RS-GIST-222_arterial,BDMAP_00087204
RS-GIST-222_delayed,BDMAP_00087205
RS-GIST-222_non-contrast,BDMAP_00087206
RS-GIST-222_venous,BDMAP_00087207
RS-GIST-223_arterial,BDMAP_00087208
RS-GIST-223_delayed,BDMAP_00087209
RS-GIST-223_non-contrast,BDMAP_00087210
RS-GIST-223_venous,BDMAP_00087211
RS-GIST-225_arterial,BDMAP_00087213
RS-GIST-225_delayed,BDMAP_00087214
RS-GIST-225_non-contrast,BDMAP_00087215
RS-GIST-225_venous,BDMAP_00087216
RS-GIST-226_arterial,BDMAP_00087217
RS-GIST-226_delayed,BDMAP_00087218
RS-GIST-226_non-contrast,BDMAP_00087219
RS-GIST-226_venous,BDMAP_00087220
RS-GIST-227_arterial,BDMAP_00087221
RS-GIST-227_delayed,BDMAP_00087222
RS-GIST-227_non-contrast,BDMAP_00087223
RS-GIST-227_venous,BDMAP_00087224
RS-GIST-228_arterial,BDMAP_00087225
RS-GIST-228_delayed,BDMAP_00087226
RS-GIST-228_non-contrast,BDMAP_00087227
RS-GIST-228_venous,BDMAP_00087228
RS-GIST-22_arterial,BDMAP_00087230
RS-GIST-22_delayed,BDMAP_00087231
RS-GIST-22_non-contrast,BDMAP_00087232
RS-GIST-22_venous,BDMAP_00087233
RS-GIST-231_arterial,BDMAP_00087237
RS-GIST-231_delayed,BDMAP_00087238
RS-GIST-231_non-contrast,BDMAP_00087239
RS-GIST-231_venous,BDMAP_00087240
RS-GIST-233_arterial,BDMAP_00087244
RS-GIST-233_delayed,BDMAP_00087245
RS-GIST-233_non-contrast,BDMAP_00087246
RS-GIST-233_venous,BDMAP_00087247
RS-GIST-234_arterial,BDMAP_00087248
RS-GIST-234_delayed,BDMAP_00087249
RS-GIST-234_non-contrast,BDMAP_00087250
RS-GIST-234_venous,BDMAP_00087251
RS-GIST-235_arterial,BDMAP_00087252
RS-GIST-235_delayed,BDMAP_00087253
RS-GIST-235_non-contrast,BDMAP_00087254
RS-GIST-235_venous,BDMAP_00087255
RS-GIST-238_arterial,BDMAP_00087259
RS-GIST-238_delayed,BDMAP_00087260
RS-GIST-238_non-contrast,BDMAP_00087261
RS-GIST-238_venous,BDMAP_00087262
RS-GIST-239_arterial,BDMAP_00087263
RS-GIST-239_delayed,BDMAP_00087264
RS-GIST-239_non-contrast,BDMAP_00087265
RS-GIST-239_venous,BDMAP_00087266
RS-GIST-23_arterial,BDMAP_00087267
RS-GIST-23_delayed,BDMAP_00087268
RS-GIST-23_non-contrast,BDMAP_00087269
RS-GIST-23_venous,BDMAP_00087270
RS-GIST-240_arterial,BDMAP_00087271
RS-GIST-240_delayed,BDMAP_00087272
RS-GIST-240_non-contrast,BDMAP_00087273
RS-GIST-240_venous,BDMAP_00087274
RS-GIST-242_arterial,BDMAP_00087278
RS-GIST-242_delayed,BDMAP_00087279
RS-GIST-242_non-contrast,BDMAP_00087280
RS-GIST-242_venous,BDMAP_00087281
RS-GIST-244_arterial,BDMAP_00087285
RS-GIST-244_delayed,BDMAP_00087286
RS-GIST-244_non-contrast,BDMAP_00087287
RS-GIST-244_venous,BDMAP_00087288
RS-GIST-245_arterial,BDMAP_00087289
RS-GIST-245_delayed,BDMAP_00087290
RS-GIST-245_non-contrast,BDMAP_00087291
RS-GIST-245_venous,BDMAP_00087292
RS-GIST-247_arterial,BDMAP_00087296
RS-GIST-247_delayed,BDMAP_00087297
RS-GIST-247_non-contrast,BDMAP_00087298
RS-GIST-247_venous,BDMAP_00087299
RS-GIST-248_arterial,BDMAP_00087300
RS-GIST-248_delayed,BDMAP_00087301
RS-GIST-248_non-contrast,BDMAP_00087302
RS-GIST-248_venous,BDMAP_00087303
RS-GIST-24_arterial,BDMAP_00087307
RS-GIST-24_delayed,BDMAP_00087308
RS-GIST-24_non-contrast,BDMAP_00087309
RS-GIST-24_venous,BDMAP_00087310
RS-GIST-250_arterial,BDMAP_00087311
RS-GIST-250_delayed,BDMAP_00087312
RS-GIST-250_non-contrast,BDMAP_00087313
RS-GIST-250_venous,BDMAP_00087314
RS-GIST-251_arterial,BDMAP_00087315
RS-GIST-251_delayed,BDMAP_00087316
RS-GIST-251_non-contrast,BDMAP_00087317
RS-GIST-251_venous,BDMAP_00087318
RS-GIST-252_arterial,BDMAP_00087319
RS-GIST-252_delayed,BDMAP_00087320
RS-GIST-252_non-contrast,BDMAP_00087321
RS-GIST-252_venous,BDMAP_00087322
RS-GIST-256_arterial,BDMAP_00087328
RS-GIST-256_delayed,BDMAP_00087329
RS-GIST-256_non-contrast,BDMAP_00087330
RS-GIST-256_venous,BDMAP_00087331
RS-GIST-258_arterial,BDMAP_00087333
RS-GIST-258_delayed,BDMAP_00087334
RS-GIST-258_non-contrast,BDMAP_00087335
RS-GIST-258_venous,BDMAP_00087336
RS-GIST-259_arterial,BDMAP_00087337
RS-GIST-259_delayed,BDMAP_00087338
RS-GIST-259_non-contrast,BDMAP_00087339
RS-GIST-259_venous,BDMAP_00087340
RS-GIST-262_arterial,BDMAP_00087343
RS-GIST-262_delayed,BDMAP_00087344
RS-GIST-262_non-contrast,BDMAP_00087345
RS-GIST-262_venous,BDMAP_00087346
RS-GIST-264_arterial,BDMAP_00087348
RS-GIST-264_delayed,BDMAP_00087349
RS-GIST-264_non-contrast,BDMAP_00087350
RS-GIST-264_venous,BDMAP_00087351
RS-GIST-268_arterial,BDMAP_00087360
RS-GIST-268_delayed,BDMAP_00087361
RS-GIST-268_non-contrast,BDMAP_00087362
RS-GIST-268_venous,BDMAP_00087363
RS-GIST-271_arterial,BDMAP_00087368
RS-GIST-271_delayed,BDMAP_00087369
RS-GIST-271_non-contrast,BDMAP_00087370
RS-GIST-271_venous,BDMAP_00087371
RS-GIST-272_arterial,BDMAP_00087372
RS-GIST-272_delayed,BDMAP_00087373
RS-GIST-272_non-contrast,BDMAP_00087374
RS-GIST-272_venous,BDMAP_00087375
RS-GIST-273_arterial,BDMAP_00087376
RS-GIST-273_delayed,BDMAP_00087377
RS-GIST-273_non-contrast,BDMAP_00087378
RS-GIST-273_venous,BDMAP_00087379
RS-GIST-274_arterial,BDMAP_00087380
RS-GIST-274_delayed,BDMAP_00087381
RS-GIST-274_non-contrast,BDMAP_00087382
RS-GIST-274_venous,BDMAP_00087383
RS-GIST-275_arterial,BDMAP_00087384
RS-GIST-275_delayed,BDMAP_00087385
RS-GIST-275_non-contrast,BDMAP_00087386
RS-GIST-275_venous,BDMAP_00087387
RS-GIST-276_arterial,BDMAP_00087388
RS-GIST-276_delayed,BDMAP_00087389
RS-GIST-276_non-contrast,BDMAP_00087390
RS-GIST-276_venous,BDMAP_00087391
RS-GIST-277_arterial,BDMAP_00087392
RS-GIST-277_delayed,BDMAP_00087393
RS-GIST-277_non-contrast,BDMAP_00087394
RS-GIST-277_venous,BDMAP_00087395
RS-GIST-278_arterial,BDMAP_00087396
RS-GIST-278_delayed,BDMAP_00087397
RS-GIST-278_non-contrast,BDMAP_00087398
RS-GIST-278_venous,BDMAP_00087399
RS-GIST-27_arterial,BDMAP_00087403
RS-GIST-27_delayed,BDMAP_00087404
RS-GIST-27_non-contrast,BDMAP_00087405
RS-GIST-27_venous,BDMAP_00087406
RS-GIST-281_arterial,BDMAP_00087408
RS-GIST-281_delayed,BDMAP_00087409
RS-GIST-281_non-contrast,BDMAP_00087410
RS-GIST-281_venous,BDMAP_00087411
RS-GIST-282_arterial,BDMAP_00087412
RS-GIST-282_delayed,BDMAP_00087413
RS-GIST-282_non-contrast,BDMAP_00087414
RS-GIST-282_venous,BDMAP_00087415
RS-GIST-285_arterial,BDMAP_00087420
RS-GIST-285_delayed,BDMAP_00087421
RS-GIST-285_non-contrast,BDMAP_00087422
RS-GIST-285_venous,BDMAP_00087423
RS-GIST-287_arterial,BDMAP_00087427
RS-GIST-287_delayed,BDMAP_00087428
RS-GIST-287_non-contrast,BDMAP_00087429
RS-GIST-287_venous,BDMAP_00087430
RS-GIST-288_arterial,BDMAP_00087431
RS-GIST-288_delayed,BDMAP_00087432
RS-GIST-288_non-contrast,BDMAP_00087433
RS-GIST-288_venous,BDMAP_00087434
RS-GIST-289_arterial,BDMAP_00087435
RS-GIST-289_delayed,BDMAP_00087436
RS-GIST-289_non-contrast,BDMAP_00087437
RS-GIST-289_venous,BDMAP_00087438
RS-GIST-28_arterial,BDMAP_00087439
RS-GIST-28_delayed,BDMAP_00087440
RS-GIST-28_non-contrast,BDMAP_00087441
RS-GIST-28_venous,BDMAP_00087442
RS-GIST-290_arterial,BDMAP_00087443
RS-GIST-290_delayed,BDMAP_00087444
RS-GIST-290_non-contrast,BDMAP_00087445
RS-GIST-290_venous,BDMAP_00087446
RS-GIST-291_arterial,BDMAP_00087447
RS-GIST-291_delayed,BDMAP_00087448
RS-GIST-291_non-contrast,BDMAP_00087449
RS-GIST-291_venous,BDMAP_00087450
RS-GIST-292_arterial,BDMAP_00087451
RS-GIST-292_delayed,BDMAP_00087452
RS-GIST-292_non-contrast,BDMAP_00087453
RS-GIST-292_venous,BDMAP_00087454
RS-GIST-293_arterial,BDMAP_00087455
RS-GIST-293_delayed,BDMAP_00087456
RS-GIST-293_non-contrast,BDMAP_00087457
RS-GIST-293_venous,BDMAP_00087458
RS-GIST-295_arterial,BDMAP_00087462
RS-GIST-295_delayed,BDMAP_00087463
RS-GIST-295_non-contrast,BDMAP_00087464
RS-GIST-295_venous,BDMAP_00087465
RS-GIST-296_arterial,BDMAP_00087466
RS-GIST-296_delayed,BDMAP_00087467
RS-GIST-296_non-contrast,BDMAP_00087468
RS-GIST-296_venous,BDMAP_00087469
RS-GIST-297_arterial,BDMAP_00087470
RS-GIST-297_delayed,BDMAP_00087471
RS-GIST-297_non-contrast,BDMAP_00087472
RS-GIST-297_venous,BDMAP_00087473
RS-GIST-298_arterial,BDMAP_00087474
RS-GIST-298_delayed,BDMAP_00087475
RS-GIST-298_non-contrast,BDMAP_00087476
RS-GIST-298_venous,BDMAP_00087477
RS-GIST-299_arterial,BDMAP_00087478
RS-GIST-299_delayed,BDMAP_00087479
RS-GIST-299_non-contrast,BDMAP_00087480
RS-GIST-299_venous,BDMAP_00087481
RS-GIST-29_arterial,BDMAP_00087482
RS-GIST-29_delayed,BDMAP_00087483
RS-GIST-29_non-contrast,BDMAP_00087484
RS-GIST-29_venous,BDMAP_00087485
RS-GIST-300_arterial,BDMAP_00087486
RS-GIST-300_delayed,BDMAP_00087487
RS-GIST-300_non-contrast,BDMAP_00087488
RS-GIST-300_venous,BDMAP_00087489
RS-GIST-301_arterial,BDMAP_00087490
RS-GIST-301_delayed,BDMAP_00087491
RS-GIST-301_non-contrast,BDMAP_00087492
RS-GIST-301_venous,BDMAP_00087493
RS-GIST-302_arterial,BDMAP_00087494
RS-GIST-302_delayed,BDMAP_00087495
RS-GIST-302_non-contrast,BDMAP_00087496
RS-GIST-302_venous,BDMAP_00087497
RS-GIST-304_arterial,BDMAP_00087501
RS-GIST-304_delayed,BDMAP_00087502
RS-GIST-304_non-contrast,BDMAP_00087503
RS-GIST-304_venous,BDMAP_00087504
RS-GIST-306_arterial,BDMAP_00087508
RS-GIST-306_delayed,BDMAP_00087509
RS-GIST-306_non-contrast,BDMAP_00087510
RS-GIST-306_venous,BDMAP_00087511
RS-GIST-307_arterial,BDMAP_00087512
RS-GIST-307_delayed,BDMAP_00087513
RS-GIST-307_non-contrast,BDMAP_00087514
RS-GIST-307_venous,BDMAP_00087515
RS-GIST-308_arterial,BDMAP_00087516
RS-GIST-308_delayed,BDMAP_00087517
RS-GIST-308_non-contrast,BDMAP_00087518
RS-GIST-308_venous,BDMAP_00087519
RS-GIST-309_arterial,BDMAP_00087520
RS-GIST-309_delayed,BDMAP_00087521
RS-GIST-309_non-contrast,BDMAP_00087522
RS-GIST-309_venous,BDMAP_00087523
RS-GIST-30_arterial,BDMAP_00087524
RS-GIST-30_delayed,BDMAP_00087525
RS-GIST-30_non-contrast,BDMAP_00087526
RS-GIST-30_venous,BDMAP_00087527
RS-GIST-312_arterial,BDMAP_00087534
RS-GIST-312_delayed,BDMAP_00087535
RS-GIST-312_non-contrast,BDMAP_00087536
RS-GIST-312_venous,BDMAP_00087537
RS-GIST-313_arterial,BDMAP_00087538
RS-GIST-313_delayed,BDMAP_00087539
RS-GIST-313_non-contrast,BDMAP_00087540
RS-GIST-313_venous,BDMAP_00087541
RS-GIST-314_arterial,BDMAP_00087542
RS-GIST-314_delayed,BDMAP_00087543
RS-GIST-314_non-contrast,BDMAP_00087544
RS-GIST-314_venous,BDMAP_00087545
RS-GIST-315_arterial,BDMAP_00087546
RS-GIST-315_delayed,BDMAP_00087547
RS-GIST-315_non-contrast,BDMAP_00087548
RS-GIST-315_venous,BDMAP_00087549
RS-GIST-319_arterial,BDMAP_00087559
RS-GIST-319_delayed,BDMAP_00087560
RS-GIST-319_non-contrast,BDMAP_00087561
RS-GIST-319_venous,BDMAP_00087562
RS-GIST-323_arterial,BDMAP_00087575
RS-GIST-323_delayed,BDMAP_00087576
RS-GIST-323_non-contrast,BDMAP_00087577
RS-GIST-323_venous,BDMAP_00087578
RS-GIST-325_arterial,BDMAP_00087582
RS-GIST-325_delayed,BDMAP_00087583
RS-GIST-325_non-contrast,BDMAP_00087584
RS-GIST-325_venous,BDMAP_00087585
RS-GIST-327_arterial,BDMAP_00087589
RS-GIST-327_delayed,BDMAP_00087590
RS-GIST-327_non-contrast,BDMAP_00087591
RS-GIST-327_venous,BDMAP_00087592
RS-GIST-329_arterial,BDMAP_00087596
RS-GIST-329_delayed,BDMAP_00087597
RS-GIST-329_non-contrast,BDMAP_00087598
RS-GIST-329_venous,BDMAP_00087599
RS-GIST-330_arterial,BDMAP_00087603
RS-GIST-330_delayed,BDMAP_00087604
RS-GIST-330_non-contrast,BDMAP_00087605
RS-GIST-330_venous,BDMAP_00087606
RS-GIST-331_arterial,BDMAP_00087607
RS-GIST-331_delayed,BDMAP_00087608
RS-GIST-331_non-contrast,BDMAP_00087609
RS-GIST-331_venous,BDMAP_00087610
RS-GIST-334_arterial,BDMAP_00087617
RS-GIST-334_delayed,BDMAP_00087618
RS-GIST-334_non-contrast,BDMAP_00087619
RS-GIST-334_venous,BDMAP_00087620
RS-GIST-335_arterial,BDMAP_00087621
RS-GIST-335_delayed,BDMAP_00087622
RS-GIST-335_non-contrast,BDMAP_00087623
RS-GIST-335_venous,BDMAP_00087624
RS-GIST-336_arterial,BDMAP_00087625
RS-GIST-336_delayed,BDMAP_00087626
RS-GIST-336_non-contrast,BDMAP_00087627
RS-GIST-336_venous,BDMAP_00087628
RS-GIST-337_arterial,BDMAP_00087629
RS-GIST-337_delayed,BDMAP_00087630
RS-GIST-337_non-contrast,BDMAP_00087631
RS-GIST-337_venous,BDMAP_00087632
RS-GIST-339_arterial,BDMAP_00087634
RS-GIST-339_delayed,BDMAP_00087635
RS-GIST-339_non-contrast,BDMAP_00087636
RS-GIST-339_venous,BDMAP_00087637
RS-GIST-340_arterial,BDMAP_00087641
RS-GIST-340_delayed,BDMAP_00087642
RS-GIST-340_non-contrast,BDMAP_00087643
RS-GIST-340_venous,BDMAP_00087644
RS-GIST-341_arterial,BDMAP_00087645
RS-GIST-341_delayed,BDMAP_00087646
RS-GIST-341_non-contrast,BDMAP_00087647
RS-GIST-341_venous,BDMAP_00087648
RS-GIST-344_arterial,BDMAP_00087651
RS-GIST-344_delayed,BDMAP_00087652
RS-GIST-344_non-contrast,BDMAP_00087653
RS-GIST-344_venous,BDMAP_00087654
RS-GIST-345_arterial,BDMAP_00087655
RS-GIST-345_delayed,BDMAP_00087656
RS-GIST-345_non-contrast,BDMAP_00087657
RS-GIST-345_venous,BDMAP_00087658
RS-GIST-346_arterial,BDMAP_00087659
RS-GIST-346_delayed,BDMAP_00087660
RS-GIST-346_non-contrast,BDMAP_00087661
RS-GIST-346_venous,BDMAP_00087662
RS-GIST-348_arterial,BDMAP_00087666
RS-GIST-348_delayed,BDMAP_00087667
RS-GIST-348_non-contrast,BDMAP_00087668
RS-GIST-348_venous,BDMAP_00087669
RS-GIST-349_arterial,BDMAP_00087670
RS-GIST-349_delayed,BDMAP_00087671
RS-GIST-349_non-contrast,BDMAP_00087672
RS-GIST-349_venous,BDMAP_00087673
RS-GIST-350_arterial,BDMAP_00087677
RS-GIST-350_delayed,BDMAP_00087678
RS-GIST-350_non-contrast,BDMAP_00087679
RS-GIST-350_venous,BDMAP_00087680
RS-GIST-352_arterial,BDMAP_00087684
RS-GIST-352_delayed,BDMAP_00087685
RS-GIST-352_non-contrast,BDMAP_00087686
RS-GIST-352_venous,BDMAP_00087687
RS-GIST-353_arterial,BDMAP_00087688
RS-GIST-353_delayed,BDMAP_00087689
RS-GIST-353_non-contrast,BDMAP_00087690
RS-GIST-353_venous,BDMAP_00087691
RS-GIST-355_arterial,BDMAP_00087695
RS-GIST-355_delayed,BDMAP_00087696
RS-GIST-355_non-contrast,BDMAP_00087697
RS-GIST-355_venous,BDMAP_00087698
RS-GIST-356_arterial,BDMAP_00087699
RS-GIST-356_delayed,BDMAP_00087700
RS-GIST-356_non-contrast,BDMAP_00087701
RS-GIST-356_venous,BDMAP_00087702
RS-GIST-358_arterial,BDMAP_00087706
RS-GIST-358_delayed,BDMAP_00087707
RS-GIST-358_non-contrast,BDMAP_00087708
RS-GIST-358_venous,BDMAP_00087709
RS-GIST-359_arterial,BDMAP_00087710
RS-GIST-359_delayed,BDMAP_00087711
RS-GIST-359_non-contrast,BDMAP_00087712
RS-GIST-359_venous,BDMAP_00087713
RS-GIST-360_arterial,BDMAP_00087717
RS-GIST-360_delayed,BDMAP_00087718
RS-GIST-360_non-contrast,BDMAP_00087719
RS-GIST-360_venous,BDMAP_00087720
RS-GIST-361_arterial,BDMAP_00087721
RS-GIST-361_delayed,BDMAP_00087722
RS-GIST-361_non-contrast,BDMAP_00087723
RS-GIST-361_venous,BDMAP_00087724
RS-GIST-362_arterial,BDMAP_00087725
RS-GIST-362_delayed,BDMAP_00087726
RS-GIST-362_non-contrast,BDMAP_00087727
RS-GIST-362_venous,BDMAP_00087728
RS-GIST-363_arterial,BDMAP_00087729
RS-GIST-363_delayed,BDMAP_00087730
RS-GIST-363_non-contrast,BDMAP_00087731
RS-GIST-363_venous,BDMAP_00087732
RS-GIST-364_arterial,BDMAP_00087733
RS-GIST-364_delayed,BDMAP_00087734
RS-GIST-364_non-contrast,BDMAP_00087735
RS-GIST-364_venous,BDMAP_00087736
RS-GIST-365_arterial,BDMAP_00087737
RS-GIST-365_delayed,BDMAP_00087738
RS-GIST-365_non-contrast,BDMAP_00087739
RS-GIST-365_venous,BDMAP_00087740
RS-GIST-366_arterial,BDMAP_00087741
RS-GIST-366_delayed,BDMAP_00087742
RS-GIST-366_non-contrast,BDMAP_00087743
RS-GIST-366_venous,BDMAP_00087744
RS-GIST-367_arterial,BDMAP_00087745
RS-GIST-367_delayed,BDMAP_00087746
RS-GIST-367_non-contrast,BDMAP_00087747
RS-GIST-367_venous,BDMAP_00087748
RS-GIST-368_arterial,BDMAP_00087749
RS-GIST-368_delayed,BDMAP_00087750
RS-GIST-368_non-contrast,BDMAP_00087751
RS-GIST-368_venous,BDMAP_00087752
RS-GIST-369_arterial,BDMAP_00087753
RS-GIST-369_delayed,BDMAP_00087754
RS-GIST-369_non-contrast,BDMAP_00087755
RS-GIST-369_venous,BDMAP_00087756
RS-GIST-370_arterial,BDMAP_00087758
RS-GIST-370_delayed,BDMAP_00087759
RS-GIST-370_non-contrast,BDMAP_00087760
RS-GIST-370_venous,BDMAP_00087761
RS-GIST-371_arterial,BDMAP_00087762
RS-GIST-371_delayed,BDMAP_00087763
RS-GIST-371_non-contrast,BDMAP_00087764
RS-GIST-371_venous,BDMAP_00087765
RS-GIST-372_arterial,BDMAP_00087766
RS-GIST-372_delayed,BDMAP_00087767
RS-GIST-372_non-contrast,BDMAP_00087768
RS-GIST-372_venous,BDMAP_00087769
RS-GIST-373_arterial,BDMAP_00087770
RS-GIST-373_delayed,BDMAP_00087771
RS-GIST-373_non-contrast,BDMAP_00087772
RS-GIST-373_venous,BDMAP_00087773
RS-GIST-374_arterial,BDMAP_00087774
RS-GIST-374_delayed,BDMAP_00087775
RS-GIST-374_non-contrast,BDMAP_00087776
RS-GIST-374_venous,BDMAP_00087777
RS-GIST-377_arterial,BDMAP_00087784
RS-GIST-377_delayed,BDMAP_00087785
RS-GIST-377_non-contrast,BDMAP_00087786
RS-GIST-377_venous,BDMAP_00087787
RS-GIST-378_arterial,BDMAP_00087788
RS-GIST-378_delayed,BDMAP_00087789
RS-GIST-378_non-contrast,BDMAP_00087790
RS-GIST-378_venous,BDMAP_00087791
RS-GIST-379_arterial,BDMAP_00087792
RS-GIST-379_delayed,BDMAP_00087793
RS-GIST-379_non-contrast,BDMAP_00087794
RS-GIST-379_venous,BDMAP_00087795
RS-GIST-380_arterial,BDMAP_00087799
RS-GIST-380_delayed,BDMAP_00087800
RS-GIST-380_non-contrast,BDMAP_00087801
RS-GIST-380_venous,BDMAP_00087802
RS-GIST-381_arterial,BDMAP_00087803
RS-GIST-381_delayed,BDMAP_00087804
RS-GIST-381_non-contrast,BDMAP_00087805
RS-GIST-381_venous,BDMAP_00087806
RS-GIST-382_arterial,BDMAP_00087807
RS-GIST-382_delayed,BDMAP_00087808
RS-GIST-382_non-contrast,BDMAP_00087809
RS-GIST-382_venous,BDMAP_00087810
RS-GIST-383_arterial,BDMAP_00087811
RS-GIST-383_delayed,BDMAP_00087812
RS-GIST-383_non-contrast,BDMAP_00087813
RS-GIST-383_venous,BDMAP_00087814
RS-GIST-386_arterial,BDMAP_00087819
RS-GIST-386_delayed,BDMAP_00087820
RS-GIST-386_non-contrast,BDMAP_00087821
RS-GIST-386_venous,BDMAP_00087822
RS-GIST-387_arterial,BDMAP_00087823
RS-GIST-387_delayed,BDMAP_00087824
RS-GIST-387_non-contrast,BDMAP_00087825
RS-GIST-387_venous,BDMAP_00087826
RS-GIST-388_arterial,BDMAP_00087827
RS-GIST-388_delayed,BDMAP_00087828
RS-GIST-388_non-contrast,BDMAP_00087829
RS-GIST-388_venous,BDMAP_00087830
RS-GIST-390_arterial,BDMAP_00087837
RS-GIST-390_delayed,BDMAP_00087838
RS-GIST-390_non-contrast,BDMAP_00087839
RS-GIST-390_venous,BDMAP_00087840
RS-GIST-391_arterial,BDMAP_00087841
RS-GIST-391_delayed,BDMAP_00087842
RS-GIST-391_non-contrast,BDMAP_00087843
RS-GIST-391_venous,BDMAP_00087844
RS-GIST-392_arterial,BDMAP_00087845
RS-GIST-392_delayed,BDMAP_00087846
RS-GIST-392_non-contrast,BDMAP_00087847
RS-GIST-392_venous,BDMAP_00087848
RS-GIST-393_arterial,BDMAP_00087849
RS-GIST-393_delayed,BDMAP_00087850
RS-GIST-393_non-contrast,BDMAP_00087851
RS-GIST-393_venous,BDMAP_00087852
RS-GIST-394_arterial,BDMAP_00087853
RS-GIST-394_delayed,BDMAP_00087854
RS-GIST-394_non-contrast,BDMAP_00087855
RS-GIST-394_venous,BDMAP_00087856
RS-GIST-395_arterial,BDMAP_00087857
RS-GIST-395_delayed,BDMAP_00087858
RS-GIST-395_non-contrast,BDMAP_00087859
RS-GIST-395_venous,BDMAP_00087860
RS-GIST-396_arterial,BDMAP_00087861
RS-GIST-396_delayed,BDMAP_00087862
RS-GIST-396_non-contrast,BDMAP_00087863
RS-GIST-396_venous,BDMAP_00087864
RS-GIST-398_arterial,BDMAP_00087868
RS-GIST-398_delayed,BDMAP_00087869
RS-GIST-398_non-contrast,BDMAP_00087870
RS-GIST-398_venous,BDMAP_00087871
RS-GIST-399_arterial,BDMAP_00087872
RS-GIST-399_delayed,BDMAP_00087873
RS-GIST-399_non-contrast,BDMAP_00087874
RS-GIST-399_venous,BDMAP_00087875
RS-GIST-400_arterial,BDMAP_00087879
RS-GIST-400_delayed,BDMAP_00087880
RS-GIST-400_non-contrast,BDMAP_00087881
RS-GIST-400_venous,BDMAP_00087882
RS-GIST-401_arterial,BDMAP_00087883
RS-GIST-401_delayed,BDMAP_00087884
RS-GIST-401_non-contrast,BDMAP_00087885
RS-GIST-401_venous,BDMAP_00087886
RS-GIST-402_arterial,BDMAP_00087887
RS-GIST-402_delayed,BDMAP_00087888
RS-GIST-402_non-contrast,BDMAP_00087889
RS-GIST-402_venous,BDMAP_00087890
RS-GIST-403_arterial,BDMAP_00087891
RS-GIST-403_delayed,BDMAP_00087892
RS-GIST-403_non-contrast,BDMAP_00087893
RS-GIST-403_venous,BDMAP_00087894
RS-GIST-404_arterial,BDMAP_00087895
RS-GIST-404_delayed,BDMAP_00087896
RS-GIST-404_non-contrast,BDMAP_00087897
RS-GIST-404_venous,BDMAP_00087898
RS-GIST-405_arterial,BDMAP_00087899
RS-GIST-405_delayed,BDMAP_00087900
RS-GIST-405_non-contrast,BDMAP_00087901
RS-GIST-405_venous,BDMAP_00087902
RS-GIST-406_arterial,BDMAP_00087903
RS-GIST-406_delayed,BDMAP_00087904
RS-GIST-406_non-contrast,BDMAP_00087905
RS-GIST-406_venous,BDMAP_00087906
RS-GIST-407_arterial,BDMAP_00087907
RS-GIST-407_delayed,BDMAP_00087908
RS-GIST-407_non-contrast,BDMAP_00087909
RS-GIST-407_venous,BDMAP_00087910
RS-GIST-409_arterial,BDMAP_00087914
RS-GIST-409_delayed,BDMAP_00087915
RS-GIST-409_non-contrast,BDMAP_00087916
RS-GIST-409_venous,BDMAP_00087917
RS-GIST-410_arterial,BDMAP_00087921
RS-GIST-410_delayed,BDMAP_00087922
RS-GIST-410_non-contrast,BDMAP_00087923
RS-GIST-410_venous,BDMAP_00087924
RS-GIST-411_arterial,BDMAP_00087925
RS-GIST-411_delayed,BDMAP_00087926
RS-GIST-411_non-contrast,BDMAP_00087927
RS-GIST-411_venous,BDMAP_00087928
RS-GIST-412_arterial,BDMAP_00087929
RS-GIST-412_delayed,BDMAP_00087930
RS-GIST-412_non-contrast,BDMAP_00087931
RS-GIST-412_venous,BDMAP_00087932
RS-GIST-413_arterial,BDMAP_00087933
RS-GIST-413_delayed,BDMAP_00087934
RS-GIST-413_non-contrast,BDMAP_00087935
RS-GIST-413_venous,BDMAP_00087936
RS-GIST-414_arterial,BDMAP_00087937
RS-GIST-414_delayed,BDMAP_00087938
RS-GIST-414_non-contrast,BDMAP_00087939
RS-GIST-414_venous,BDMAP_00087940
RS-GIST-415_arterial,BDMAP_00087941
RS-GIST-415_delayed,BDMAP_00087942
RS-GIST-415_non-contrast,BDMAP_00087943
RS-GIST-415_venous,BDMAP_00087944
RS-GIST-416_arterial,BDMAP_00087945
RS-GIST-416_delayed,BDMAP_00087946
RS-GIST-416_non-contrast,BDMAP_00087947
RS-GIST-416_venous,BDMAP_00087948
RS-GIST-417_arterial,BDMAP_00087949
RS-GIST-417_delayed,BDMAP_00087950
RS-GIST-417_non-contrast,BDMAP_00087951
RS-GIST-417_venous,BDMAP_00087952
RS-GIST-419_arterial,BDMAP_00087956
RS-GIST-419_delayed,BDMAP_00087957
RS-GIST-419_non-contrast,BDMAP_00087958
RS-GIST-419_venous,BDMAP_00087959
RS-GIST-420_arterial,BDMAP_00087961
RS-GIST-420_delayed,BDMAP_00087962
RS-GIST-420_non-contrast,BDMAP_00087963
RS-GIST-420_venous,BDMAP_00087964
RS-GIST-421_arterial,BDMAP_00087965
RS-GIST-421_delayed,BDMAP_00087966
RS-GIST-421_non-contrast,BDMAP_00087967
RS-GIST-421_venous,BDMAP_00087968
RS-GIST-422_arterial,BDMAP_00087969
RS-GIST-422_delayed,BDMAP_00087970
RS-GIST-422_non-contrast,BDMAP_00087971
RS-GIST-422_venous,BDMAP_00087972
RS-GIST-423_arterial,BDMAP_00087973
RS-GIST-423_delayed,BDMAP_00087974
RS-GIST-423_non-contrast,BDMAP_00087975
RS-GIST-423_venous,BDMAP_00087976
RS-GIST-424_arterial,BDMAP_00087977
RS-GIST-424_delayed,BDMAP_00087978
RS-GIST-424_non-contrast,BDMAP_00087979
RS-GIST-424_venous,BDMAP_00087980
RS-GIST-425_arterial,BDMAP_00087981
RS-GIST-425_delayed,BDMAP_00087982
RS-GIST-425_non-contrast,BDMAP_00087983
RS-GIST-425_venous,BDMAP_00087984
RS-GIST-426_arterial,BDMAP_00087985
RS-GIST-426_delayed,BDMAP_00087986
RS-GIST-426_non-contrast,BDMAP_00087987
RS-GIST-426_venous,BDMAP_00087988
RS-GIST-427_arterial,BDMAP_00087989
RS-GIST-427_delayed,BDMAP_00087990
RS-GIST-427_non-contrast,BDMAP_00087991
RS-GIST-427_venous,BDMAP_00087992
RS-GIST-429_arterial,BDMAP_00087994
RS-GIST-429_delayed,BDMAP_00087995
RS-GIST-429_non-contrast,BDMAP_00087996
RS-GIST-429_venous,BDMAP_00087997
RS-GIST-430_arterial,BDMAP_00088000
RS-GIST-430_delayed,BDMAP_00088001
RS-GIST-430_non-contrast,BDMAP_00088002
RS-GIST-430_venous,BDMAP_00088003
RS-GIST-431_arterial,BDMAP_00088004
RS-GIST-431_delayed,BDMAP_00088005
RS-GIST-431_non-contrast,BDMAP_00088006
RS-GIST-431_venous,BDMAP_00088007
RS-GIST-432_arterial,BDMAP_00088008
RS-GIST-432_delayed,BDMAP_00088009
RS-GIST-432_non-contrast,BDMAP_00088010
RS-GIST-432_venous,BDMAP_00088011
RS-GIST-433_arterial,BDMAP_00088012
RS-GIST-433_delayed,BDMAP_00088013
RS-GIST-433_non-contrast,BDMAP_00088014
RS-GIST-433_venous,BDMAP_00088015
RS-GIST-435_arterial,BDMAP_00088019
RS-GIST-435_delayed,BDMAP_00088020
RS-GIST-435_non-contrast,BDMAP_00088021
RS-GIST-435_venous,BDMAP_00088022
RS-GIST-436_arterial,BDMAP_00088023
RS-GIST-436_delayed,BDMAP_00088024
RS-GIST-436_non-contrast,BDMAP_00088025
RS-GIST-436_venous,BDMAP_00088026
RS-GIST-437_arterial,BDMAP_00088027
RS-GIST-437_delayed,BDMAP_00088028
RS-GIST-437_non-contrast,BDMAP_00088029
RS-GIST-437_venous,BDMAP_00088030
RS-GIST-438_arterial,BDMAP_00088031
RS-GIST-438_delayed,BDMAP_00088032
RS-GIST-438_non-contrast,BDMAP_00088033
RS-GIST-438_venous,BDMAP_00088034
RS-GIST-439_arterial,BDMAP_00088035
RS-GIST-439_delayed,BDMAP_00088036
RS-GIST-439_non-contrast,BDMAP_00088037
RS-GIST-439_venous,BDMAP_00088038
RS-GIST-43_arterial,BDMAP_00088039
RS-GIST-43_delayed,BDMAP_00088040
RS-GIST-43_non-contrast,BDMAP_00088041
RS-GIST-43_venous,BDMAP_00088042
RS-GIST-440_arterial,BDMAP_00088043
RS-GIST-440_delayed,BDMAP_00088044
RS-GIST-440_non-contrast,BDMAP_00088045
RS-GIST-440_venous,BDMAP_00088046
RS-GIST-442_arterial,BDMAP_00088050
RS-GIST-442_delayed,BDMAP_00088051
RS-GIST-442_non-contrast,BDMAP_00088052
RS-GIST-442_venous,BDMAP_00088053
RS-GIST-443_arterial,BDMAP_00088054
RS-GIST-443_delayed,BDMAP_00088055
RS-GIST-443_non-contrast,BDMAP_00088056
RS-GIST-443_venous,BDMAP_00088057
RS-GIST-444_arterial,BDMAP_00088058
RS-GIST-444_delayed,BDMAP_00088059
RS-GIST-444_non-contrast,BDMAP_00088060
RS-GIST-444_venous,BDMAP_00088061
RS-GIST-445_arterial,BDMAP_00088062
RS-GIST-445_delayed,BDMAP_00088063
RS-GIST-445_non-contrast,BDMAP_00088064
RS-GIST-445_venous,BDMAP_00088065
RS-GIST-446_arterial,BDMAP_00088066
RS-GIST-446_delayed,BDMAP_00088067
RS-GIST-446_non-contrast,BDMAP_00088068
RS-GIST-446_venous,BDMAP_00088069
RS-GIST-447_arterial,BDMAP_00088070
RS-GIST-447_delayed,BDMAP_00088071
RS-GIST-447_non-contrast,BDMAP_00088072
RS-GIST-447_venous,BDMAP_00088073
RS-GIST-449_arterial,BDMAP_00088077
RS-GIST-449_delayed,BDMAP_00088078
RS-GIST-449_non-contrast,BDMAP_00088079
RS-GIST-449_venous,BDMAP_00088080
RS-GIST-44_arterial,BDMAP_00088081
RS-GIST-44_delayed,BDMAP_00088082
RS-GIST-44_non-contrast,BDMAP_00088083
RS-GIST-44_venous,BDMAP_00088084
RS-GIST-451_arterial,BDMAP_00088088
RS-GIST-451_delayed,BDMAP_00088089
RS-GIST-451_non-contrast,BDMAP_00088090
RS-GIST-451_venous,BDMAP_00088091
RS-GIST-452_arterial,BDMAP_00088092
RS-GIST-452_delayed,BDMAP_00088093
RS-GIST-452_non-contrast,BDMAP_00088094
RS-GIST-452_venous,BDMAP_00088095
RS-GIST-453_arterial,BDMAP_00088096
RS-GIST-453_delayed,BDMAP_00088097
RS-GIST-453_non-contrast,BDMAP_00088098
RS-GIST-453_venous,BDMAP_00088099
RS-GIST-454_arterial,BDMAP_00088100
RS-GIST-454_delayed,BDMAP_00088101
RS-GIST-454_non-contrast,BDMAP_00088102
RS-GIST-454_venous,BDMAP_00088103
RS-GIST-455_arterial,BDMAP_00088104
RS-GIST-455_delayed,BDMAP_00088105
RS-GIST-455_non-contrast,BDMAP_00088106
RS-GIST-455_venous,BDMAP_00088107
RS-GIST-456_arterial,BDMAP_00088108
RS-GIST-456_delayed,BDMAP_00088109
RS-GIST-456_non-contrast,BDMAP_00088110
RS-GIST-456_venous,BDMAP_00088111
RS-GIST-457_arterial,BDMAP_00088112
RS-GIST-457_delayed,BDMAP_00088113
RS-GIST-457_non-contrast,BDMAP_00088114
RS-GIST-457_venous,BDMAP_00088115
RS-GIST-458_arterial,BDMAP_00088116
RS-GIST-458_delayed,BDMAP_00088117
RS-GIST-458_non-contrast,BDMAP_00088118
RS-GIST-458_venous,BDMAP_00088119
RS-GIST-459_arterial,BDMAP_00088120
RS-GIST-459_delayed,BDMAP_00088121
RS-GIST-459_non-contrast,BDMAP_00088122
RS-GIST-459_venous,BDMAP_00088123
RS-GIST-460_arterial,BDMAP_00088127
RS-GIST-460_delayed,BDMAP_00088128
RS-GIST-460_non-contrast,BDMAP_00088129
RS-GIST-460_venous,BDMAP_00088130
RS-GIST-461_arterial,BDMAP_00088131
RS-GIST-461_delayed,BDMAP_00088132
RS-GIST-461_non-contrast,BDMAP_00088133
RS-GIST-461_venous,BDMAP_00088134
RS-GIST-462_arterial,BDMAP_00088135
RS-GIST-462_delayed,BDMAP_00088136
RS-GIST-462_non-contrast,BDMAP_00088137
RS-GIST-462_venous,BDMAP_00088138
RS-GIST-464_arterial,BDMAP_00088142
RS-GIST-464_delayed,BDMAP_00088143
RS-GIST-464_non-contrast,BDMAP_00088144
RS-GIST-464_venous,BDMAP_00088145
RS-GIST-465_arterial,BDMAP_00088146
RS-GIST-465_delayed,BDMAP_00088147
RS-GIST-465_non-contrast,BDMAP_00088148
RS-GIST-465_venous,BDMAP_00088149
RS-GIST-466_arterial,BDMAP_00088150
RS-GIST-466_delayed,BDMAP_00088151
RS-GIST-466_non-contrast,BDMAP_00088152
RS-GIST-466_venous,BDMAP_00088153
RS-GIST-467_arterial,BDMAP_00088154
RS-GIST-467_delayed,BDMAP_00088155
RS-GIST-467_non-contrast,BDMAP_00088156
RS-GIST-467_venous,BDMAP_00088157
RS-GIST-468_arterial,BDMAP_00088158
RS-GIST-468_delayed,BDMAP_00088159
RS-GIST-468_non-contrast,BDMAP_00088160
RS-GIST-468_venous,BDMAP_00088161
RS-GIST-469_arterial,BDMAP_00088162
RS-GIST-469_delayed,BDMAP_00088163
RS-GIST-469_non-contrast,BDMAP_00088164
RS-GIST-469_venous,BDMAP_00088165
RS-GIST-46_arterial,BDMAP_00088166
RS-GIST-46_delayed,BDMAP_00088167
RS-GIST-46_non-contrast,BDMAP_00088168
RS-GIST-46_venous,BDMAP_00088169
RS-GIST-470_arterial,BDMAP_00088170
RS-GIST-470_delayed,BDMAP_00088171
RS-GIST-470_non-contrast,BDMAP_00088172
RS-GIST-470_venous,BDMAP_00088173
RS-GIST-471_arterial,BDMAP_00088174
RS-GIST-471_delayed,BDMAP_00088175
RS-GIST-471_non-contrast,BDMAP_00088176
RS-GIST-471_venous,BDMAP_00088177
RS-GIST-476_arterial,BDMAP_00088187
RS-GIST-476_delayed,BDMAP_00088188
RS-GIST-476_non-contrast,BDMAP_00088189
RS-GIST-476_venous,BDMAP_00088190
RS-GIST-477_arterial,BDMAP_00088191
RS-GIST-477_delayed,BDMAP_00088192
RS-GIST-477_non-contrast,BDMAP_00088193
RS-GIST-477_venous,BDMAP_00088194
RS-GIST-478_arterial,BDMAP_00088195
RS-GIST-478_delayed,BDMAP_00088196
RS-GIST-478_non-contrast,BDMAP_00088197
RS-GIST-478_venous,BDMAP_00088198
RS-GIST-480_arterial,BDMAP_00088203
RS-GIST-480_delayed,BDMAP_00088204
RS-GIST-480_non-contrast,BDMAP_00088205
RS-GIST-480_venous,BDMAP_00088206
RS-GIST-482_arterial,BDMAP_00088210
RS-GIST-482_delayed,BDMAP_00088211
RS-GIST-482_non-contrast,BDMAP_00088212
RS-GIST-482_venous,BDMAP_00088213
RS-GIST-483_arterial,BDMAP_00088214
RS-GIST-483_delayed,BDMAP_00088215
RS-GIST-483_non-contrast,BDMAP_00088216
RS-GIST-483_venous,BDMAP_00088217
RS-GIST-484_arterial,BDMAP_00088218
RS-GIST-484_delayed,BDMAP_00088219
RS-GIST-484_non-contrast,BDMAP_00088220
RS-GIST-484_venous,BDMAP_00088221
RS-GIST-486_arterial,BDMAP_00088225
RS-GIST-486_delayed,BDMAP_00088226
RS-GIST-486_non-contrast,BDMAP_00088227
RS-GIST-486_venous,BDMAP_00088228
RS-GIST-487_arterial,BDMAP_00088229
RS-GIST-487_delayed,BDMAP_00088230
RS-GIST-487_non-contrast,BDMAP_00088231
RS-GIST-487_venous,BDMAP_00088232
RS-GIST-488_arterial,BDMAP_00088233
RS-GIST-488_delayed,BDMAP_00088234
RS-GIST-488_non-contrast,BDMAP_00088235
RS-GIST-488_venous,BDMAP_00088236
RS-GIST-489_arterial,BDMAP_00088237
RS-GIST-489_delayed,BDMAP_00088238
RS-GIST-489_non-contrast,BDMAP_00088239
RS-GIST-489_venous,BDMAP_00088240
RS-GIST-490_arterial,BDMAP_00088244
RS-GIST-490_delayed,BDMAP_00088245
RS-GIST-490_non-contrast,BDMAP_00088246
RS-GIST-490_venous,BDMAP_00088247
RS-GIST-491_arterial,BDMAP_00088248
RS-GIST-491_delayed,BDMAP_00088249
RS-GIST-491_non-contrast,BDMAP_00088250
RS-GIST-491_venous,BDMAP_00088251
RS-GIST-493_arterial,BDMAP_00088253
RS-GIST-493_delayed,BDMAP_00088254
RS-GIST-493_non-contrast,BDMAP_00088255
RS-GIST-493_venous,BDMAP_00088256
RS-GIST-494_arterial,BDMAP_00088257
RS-GIST-494_delayed,BDMAP_00088258
RS-GIST-494_non-contrast,BDMAP_00088259
RS-GIST-494_venous,BDMAP_00088260
RS-GIST-495_arterial,BDMAP_00088261
RS-GIST-495_delayed,BDMAP_00088262
RS-GIST-495_non-contrast,BDMAP_00088263
RS-GIST-495_venous,BDMAP_00088264
RS-GIST-496_arterial,BDMAP_00088265
RS-GIST-496_delayed,BDMAP_00088266
RS-GIST-496_non-contrast,BDMAP_00088267
RS-GIST-496_venous,BDMAP_00088268
RS-GIST-497_arterial,BDMAP_00088269
RS-GIST-497_delayed,BDMAP_00088270
RS-GIST-497_non-contrast,BDMAP_00088271
RS-GIST-497_venous,BDMAP_00088272
RS-GIST-498_arterial,BDMAP_00088273
RS-GIST-498_delayed,BDMAP_00088274
RS-GIST-498_non-contrast,BDMAP_00088275
RS-GIST-498_venous,BDMAP_00088276
RS-GIST-499_arterial,BDMAP_00088277
RS-GIST-499_delayed,BDMAP_00088278
RS-GIST-499_non-contrast,BDMAP_00088279
RS-GIST-499_venous,BDMAP_00088280
RS-GIST-500_arterial,BDMAP_00088284
RS-GIST-500_delayed,BDMAP_00088285
RS-GIST-500_non-contrast,BDMAP_00088286
RS-GIST-500_venous,BDMAP_00088287
RS-GIST-501_arterial,BDMAP_00088288
RS-GIST-501_delayed,BDMAP_00088289
RS-GIST-501_non-contrast,BDMAP_00088290
RS-GIST-501_venous,BDMAP_00088291
RS-GIST-502_arterial,BDMAP_00088292
RS-GIST-502_delayed,BDMAP_00088293
RS-GIST-502_non-contrast,BDMAP_00088294
RS-GIST-502_venous,BDMAP_00088295
RS-GIST-51_arterial,BDMAP_00088298
RS-GIST-51_delayed,BDMAP_00088299
RS-GIST-51_non-contrast,BDMAP_00088300
RS-GIST-51_venous,BDMAP_00088301
RS-GIST-52_arterial,BDMAP_00088302
RS-GIST-52_delayed,BDMAP_00088303
RS-GIST-52_non-contrast,BDMAP_00088304
RS-GIST-52_venous,BDMAP_00088305
RS-GIST-53_arterial,BDMAP_00088306
RS-GIST-53_delayed,BDMAP_00088307
RS-GIST-53_non-contrast,BDMAP_00088308
RS-GIST-53_venous,BDMAP_00088309
RS-GIST-56_arterial,BDMAP_00088314
RS-GIST-56_delayed,BDMAP_00088315
RS-GIST-56_non-contrast,BDMAP_00088316
RS-GIST-56_venous,BDMAP_00088317
RS-GIST-57_arterial,BDMAP_00088318
RS-GIST-57_delayed,BDMAP_00088319
RS-GIST-57_non-contrast,BDMAP_00088320
RS-GIST-57_venous,BDMAP_00088321
RS-GIST-58_arterial,BDMAP_00088322
RS-GIST-58_delayed,BDMAP_00088323
RS-GIST-58_non-contrast,BDMAP_00088324
RS-GIST-58_venous,BDMAP_00088325
RS-GIST-59_arterial,BDMAP_00088326
RS-GIST-59_delayed,BDMAP_00088327
RS-GIST-59_non-contrast,BDMAP_00088328
RS-GIST-59_venous,BDMAP_00088329
RS-GIST-63_arterial,BDMAP_00088335
RS-GIST-63_delayed,BDMAP_00088336
RS-GIST-63_non-contrast,BDMAP_00088337
RS-GIST-63_venous,BDMAP_00088338
RS-GIST-64_arterial,BDMAP_00088339
RS-GIST-64_delayed,BDMAP_00088340
RS-GIST-64_non-contrast,BDMAP_00088341
RS-GIST-64_venous,BDMAP_00088342
RS-GIST-65_arterial,BDMAP_00088343
RS-GIST-65_delayed,BDMAP_00088344
RS-GIST-65_non-contrast,BDMAP_00088345
RS-GIST-65_venous,BDMAP_00088346
RS-GIST-66_arterial,BDMAP_00088347
RS-GIST-66_delayed,BDMAP_00088348
RS-GIST-66_non-contrast,BDMAP_00088349
RS-GIST-66_venous,BDMAP_00088350
RS-GIST-67_arterial,BDMAP_00088351
RS-GIST-67_delayed,BDMAP_00088352
RS-GIST-67_non-contrast,BDMAP_00088353
RS-GIST-67_venous,BDMAP_00088354
RS-GIST-68_arterial,BDMAP_00088355
RS-GIST-68_delayed,BDMAP_00088356
RS-GIST-68_non-contrast,BDMAP_00088357
RS-GIST-68_venous,BDMAP_00088358
RS-GIST-71_arterial,BDMAP_00088365
RS-GIST-71_delayed,BDMAP_00088366
RS-GIST-71_non-contrast,BDMAP_00088367
RS-GIST-71_venous,BDMAP_00088368
RS-GIST-72_arterial,BDMAP_00088369
RS-GIST-72_delayed,BDMAP_00088370
RS-GIST-72_non-contrast,BDMAP_00088371
RS-GIST-72_venous,BDMAP_00088372
RS-GIST-73_arterial,BDMAP_00088373
RS-GIST-73_delayed,BDMAP_00088374
RS-GIST-73_non-contrast,BDMAP_00088375
RS-GIST-73_venous,BDMAP_00088376
RS-GIST-74_arterial,BDMAP_00088377
RS-GIST-74_delayed,BDMAP_00088378
RS-GIST-74_non-contrast,BDMAP_00088379
RS-GIST-74_venous,BDMAP_00088380
RS-GIST-75_arterial,BDMAP_00088381
RS-GIST-75_delayed,BDMAP_00088382
RS-GIST-75_non-contrast,BDMAP_00088383
RS-GIST-75_venous,BDMAP_00088384
RS-GIST-76_arterial,BDMAP_00088385
RS-GIST-76_delayed,BDMAP_00088386
RS-GIST-76_non-contrast,BDMAP_00088387
RS-GIST-76_venous,BDMAP_00088388
RS-GIST-77_arterial,BDMAP_00088389
RS-GIST-77_delayed,BDMAP_00088390
RS-GIST-77_non-contrast,BDMAP_00088391
RS-GIST-77_venous,BDMAP_00088392
RS-GIST-78_arterial,BDMAP_00088393
RS-GIST-78_delayed,BDMAP_00088394
RS-GIST-78_non-contrast,BDMAP_00088395
RS-GIST-78_venous,BDMAP_00088396
RS-GIST-80_arterial,BDMAP_00088400
RS-GIST-80_delayed,BDMAP_00088401
RS-GIST-80_non-contrast,BDMAP_00088402
RS-GIST-80_venous,BDMAP_00088403
RS-GIST-81_arterial,BDMAP_00088404
RS-GIST-81_delayed,BDMAP_00088405
RS-GIST-81_non-contrast,BDMAP_00088406
RS-GIST-81_venous,BDMAP_00088407
RS-GIST-82_arterial,BDMAP_00088408
RS-GIST-82_delayed,BDMAP_00088409
RS-GIST-82_non-contrast,BDMAP_00088410
RS-GIST-82_venous,BDMAP_00088411
RS-GIST-84_arterial,BDMAP_00088413
RS-GIST-84_delayed,BDMAP_00088414
RS-GIST-84_non-contrast,BDMAP_00088415
RS-GIST-84_venous,BDMAP_00088416
RS-GIST-86_arterial,BDMAP_00088420
RS-GIST-86_delayed,BDMAP_00088421
RS-GIST-86_non-contrast,BDMAP_00088422
RS-GIST-86_venous,BDMAP_00088423
RS-GIST-91_arterial,BDMAP_00088433
RS-GIST-91_delayed,BDMAP_00088434
RS-GIST-91_non-contrast,BDMAP_00088435
RS-GIST-91_venous,BDMAP_00088436
RS-GIST-93_arterial,BDMAP_00088438
RS-GIST-93_delayed,BDMAP_00088439
RS-GIST-93_non-contrast,BDMAP_00088440
RS-GIST-93_venous,BDMAP_00088441
RS-GIST-95_arterial,BDMAP_00088445
RS-GIST-95_delayed,BDMAP_00088446
RS-GIST-95_non-contrast,BDMAP_00088447
RS-GIST-95_venous,BDMAP_00088448
RS-GIST-97_arterial,BDMAP_00088451
RS-GIST-97_delayed,BDMAP_00088452
RS-GIST-97_non-contrast,BDMAP_00088453
RS-GIST-97_venous,BDMAP_00088454
RS-GIST-98_arterial,BDMAP_00088455
RS-GIST-98_delayed,BDMAP_00088456
RS-GIST-98_non-contrast,BDMAP_00088457
RS-GIST-98_venous,BDMAP_00088458
RS-GIST-99_arterial,BDMAP_00088459
RS-GIST-99_delayed,BDMAP_00088460
RS-GIST-99_non-contrast,BDMAP_00088461
RS-GIST-99_venous,BDMAP_00088462
PU-pre-100569_non-contrast,BDMAP_00123014
PU-pre-10056_delayed,BDMAP_00123015
PU-pre-10056_venous,BDMAP_00123016
PU-pre-10056_arterial,BDMAP_00123017
PU-pre-1012405_non-contrast,BDMAP_00123018
PU-pre-1012405_delayed,BDMAP_00123020
PU-pre-1012405_venous,BDMAP_00123021
PU-pre-1012405_arterial,BDMAP_00123022
PU-pre-1034591_delayed,BDMAP_00123032
PU-pre-1034591_venous,BDMAP_00123033
PU-pre-1034591_arterial,BDMAP_00123034
PU-pre-1034591_non-contrast,BDMAP_00123035
PU-pre-1114895_delayed,BDMAP_00123036
PU-pre-1114895_venous,BDMAP_00123037
PU-pre-1114895_arterial,BDMAP_00123038
PU-pre-1114895_non-contrast,BDMAP_00123039
PU-pre-1152343_delayed,BDMAP_00123052
PU-pre-1152343_venous,BDMAP_00123053
PU-pre-1152343_arterial,BDMAP_00123054
PU-pre-1152343_non-contrast,BDMAP_00123055
PU-pre-1152343_delayed,BDMAP_00123057
PU-pre-1152343_venous,BDMAP_00123058
PU-pre-1152343_arterial,BDMAP_00123059
PU-pre-1152343_non-contrast,BDMAP_00123060
PU-pre-118462_delayed,BDMAP_00123066
PU-pre-118462_venous,BDMAP_00123067
PU-pre-118462_arterial,BDMAP_00123068
PU-pre-118462_non-contrast,BDMAP_00123069
PU-pre-1224698_delayed,BDMAP_00123072
PU-pre-1224698_venous,BDMAP_00123073
PU-pre-1224698_arterial,BDMAP_00123074
PU-pre-1224698_non-contrast,BDMAP_00123075
PU-pre-1300142_delayed,BDMAP_00123077
PU-pre-1300142_venous,BDMAP_00123078
PU-pre-1300142_arterial,BDMAP_00123079
PU-pre-1300142_non-contrast,BDMAP_00123080
PU-pre-147934_delayed,BDMAP_00123102
PU-pre-147934_venous,BDMAP_00123103
PU-pre-147934_arterial,BDMAP_00123104
PU-pre-147934_non-contrast,BDMAP_00123105
PU-pre-1619554_delayed,BDMAP_00123110
PU-pre-1619554_venous,BDMAP_00123111
PU-pre-1619554_arterial,BDMAP_00123112
PU-pre-1619554_non-contrast,BDMAP_00123113
PU-pre-1699518_delayed,BDMAP_00123118
PU-pre-1699518_venous,BDMAP_00123119
PU-pre-1699518_arterial,BDMAP_00123120
PU-pre-1699518_non-contrast,BDMAP_00123121
PU-pre-1877583_delayed,BDMAP_00123122
PU-pre-1877583_venous,BDMAP_00123123
PU-pre-1877583_arterial,BDMAP_00123124
PU-pre-1877583_non-contrast,BDMAP_00123125
PU-pre-1937745_non-contrast,BDMAP_00123126
PU-pre-1937745_delayed,BDMAP_00123127
PU-pre-1937745_venous,BDMAP_00123128
PU-pre-1937745_arterial,BDMAP_00123129
PU-pre-1959866_delayed,BDMAP_00123143
PU-pre-1959866_venous,BDMAP_00123144
PU-pre-1959866_arterial,BDMAP_00123145
PU-pre-1959866_non-contrast,BDMAP_00123146
PU-pre-196118_delayed,BDMAP_00123149
PU-pre-196118_venous,BDMAP_00123150
PU-pre-196118_arterial,BDMAP_00123151
PU-pre-196118_non-contrast,BDMAP_00123152
PU-pre-21349245_delayed,BDMAP_00123173
PU-pre-21349245_venous,BDMAP_00123174
PU-pre-21349245_arterial,BDMAP_00123175
PU-pre-21349245_non-contrast,BDMAP_00123176
PU-pre-2138888_arterial,BDMAP_00123181
PU-pre-2138888_non-contrast,BDMAP_00123182
PU-pre-2138888_delayed,BDMAP_00123187
PU-pre-2138888_venous,BDMAP_00123188
PU-pre-2138888_delayed,BDMAP_00123183
PU-pre-2138888_venous,BDMAP_00123184
PU-pre-2138888_arterial,BDMAP_00123185
PU-pre-2138888_non-contrast,BDMAP_00123186
PU-pre-2208753_delayed,BDMAP_00123207
PU-pre-2208753_venous,BDMAP_00123208
PU-pre-2208753_arterial,BDMAP_00123209
PU-pre-2208753_non-contrast,BDMAP_00123210
PU-pre-25859_delayed,BDMAP_00123216
PU-pre-25859_venous,BDMAP_00123217
PU-pre-25859_arterial,BDMAP_00123218
PU-pre-25859_non-contrast,BDMAP_00123221
PU-pre-25859_delayed,BDMAP_00123219
PU-pre-25859_venous,BDMAP_00123220
PU-pre-25859_arterial,BDMAP_00123222
PU-pre-25859_non-contrast,BDMAP_00123223
PU-pre-2748119_delayed,BDMAP_00123224
PU-pre-2748119_venous,BDMAP_00123225
PU-pre-2748119_arterial,BDMAP_00123226
PU-pre-2748119_non-contrast,BDMAP_00123227
PU-pre-2748119_delayed,BDMAP_00123228
PU-pre-2748119_venous,BDMAP_00123229
PU-pre-2748119_arterial,BDMAP_00123230
PU-pre-2748119_non-contrast,BDMAP_00123231
PU-pre-2971083_delayed,BDMAP_00123235
PU-pre-2971083_venous,BDMAP_00123236
PU-pre-2971083_non-contrast,BDMAP_00123237
PU-pre-2971083_arterial,BDMAP_00123238
PU-pre-2971083_delayed,BDMAP_00123239
PU-pre-2971083_venous,BDMAP_00123240
PU-pre-2971083_arterial,BDMAP_00123241
PU-pre-2971083_non-contrast,BDMAP_00123242
PU-pre-2971083_delayed,BDMAP_00123235
PU-pre-2971083_venous,BDMAP_00123236
PU-pre-2971083_non-contrast,BDMAP_00123237
PU-pre-2971083_arterial,BDMAP_00123238
PU-pre-2971083_delayed,BDMAP_00123239
PU-pre-2971083_venous,BDMAP_00123240
PU-pre-2971083_arterial,BDMAP_00123241
PU-pre-2971083_non-contrast,BDMAP_00123242
PU-pre-300430_delayed,BDMAP_00123243
PU-pre-300430_venous,BDMAP_00123244
PU-pre-300430_arterial,BDMAP_00123245
PU-pre-300430_non-contrast,BDMAP_00123246
PU-pre-300430_delayed,BDMAP_00123250
PU-pre-300430_venous,BDMAP_00123251
PU-pre-300430_arterial,BDMAP_00123252
PU-pre-300430_non-contrast,BDMAP_00123253
PU-pre-3101411_delayed,BDMAP_00123256
PU-pre-3101411_venous,BDMAP_00123257
PU-pre-3101411_arterial,BDMAP_00123258
PU-pre-3101411_non-contrast,BDMAP_00123259
PU-pre-3528253_delayed,BDMAP_00123264
PU-pre-3528253_venous,BDMAP_00123265
PU-pre-3528253_arterial,BDMAP_00123266
PU-pre-3528253_non-contrast,BDMAP_00123267
PU-pre-3583302_delayed,BDMAP_00123268
PU-pre-3583302_venous,BDMAP_00123269
PU-pre-3583302_arterial,BDMAP_00123270
PU-pre-3583302_non-contrast,BDMAP_00123271
PU-pre-3583302_delayed,BDMAP_00123277
PU-pre-3583302_arterial,BDMAP_00123278
PU-pre-3583302_venous,BDMAP_00123279
PU-pre-3583302_non-contrast,BDMAP_00123280
PU-pre-3708941_venous,BDMAP_00123281
PU-pre-3708941_delayed,BDMAP_00123286
PU-pre-3708941_arterial,BDMAP_00123283
PU-pre-3708941_non-contrast,BDMAP_00123284
PU-pre-52193_delayed,BDMAP_00123287
PU-pre-52193_venous,BDMAP_00123288
PU-pre-52193_arterial,BDMAP_00123289
PU-pre-52193_non-contrast,BDMAP_00123290
PU-pre-532567_delayed,BDMAP_00123291
PU-pre-532567_venous,BDMAP_00123292
PU-pre-532567_arterial,BDMAP_00123293
PU-pre-532567_non-contrast,BDMAP_00123294
PU-pre-542429_delayed,BDMAP_00123307
PU-pre-542429_venous,BDMAP_00123308
PU-pre-542429_arterial,BDMAP_00123309
PU-pre-542429_non-contrast,BDMAP_00123310
PU-pre-561108_non-contrast,BDMAP_00123312
PU-pre-561108_delayed,BDMAP_00123313
PU-pre-561108_venous,BDMAP_00123314
PU-pre-561108_arterial,BDMAP_00123315
PU-pre-7000000157_non-contrast,BDMAP_00123325
PU-pre-7000000157_arterial,BDMAP_00123326
PU-pre-7000000157_venous,BDMAP_00123327
PU-pre-7000000157_delayed,BDMAP_00123329
PU-pre-7000000157_delayed,BDMAP_00123322
PU-pre-7000000157_non-contrast,BDMAP_00123332
PU-pre-7000000157_arterial,BDMAP_00123333
PU-pre-7000000157_venous,BDMAP_00123334
PU-pre-7000065882_non-contrast,BDMAP_00123343
PU-pre-7000065882_arterial,BDMAP_00123344
PU-pre-7000065882_venous,BDMAP_00123345
PU-pre-7000065882_delayed,BDMAP_00123347
PU-pre-7000203416_non-contrast,BDMAP_00123350
PU-pre-7000203416_arterial,BDMAP_00123351
PU-pre-7000203416_venous,BDMAP_00123352
PU-pre-7000203416_delayed,BDMAP_00123353
PU-pre-7160257040_non-contrast,BDMAP_00123373
PU-pre-7160257040_arterial,BDMAP_00123374
PU-pre-7160257040_venous,BDMAP_00123375
PU-pre-7160257040_delayed,BDMAP_00123376
PU-pre-72231_delayed,BDMAP_00123380
PU-pre-72231_venous,BDMAP_00123381
PU-pre-72231_arterial,BDMAP_00123382
PU-pre-72231_non-contrast,BDMAP_00123383
PU-pre-764776_delayed,BDMAP_00123386
PU-pre-764776_venous,BDMAP_00123387
PU-pre-764776_arterial,BDMAP_00123388
PU-pre-764776_non-contrast,BDMAP_00123389
PU-pre-822507_venous,BDMAP_00123390
PU-pre-822507_delayed,BDMAP_00123391
PU-pre-822507_arterial,BDMAP_00123392
PU-pre-822507_non-contrast,BDMAP_00123395
PU-pre-822507_delayed,BDMAP_00123393
PU-pre-822507_venous,BDMAP_00123394
PU-pre-822507_arterial,BDMAP_00123396
PU-pre-822507_non-contrast,BDMAP_00123397
PU-pre-913869_delayed,BDMAP_00123417
PU-pre-913869_venous,BDMAP_00123418
PU-pre-913869_arterial,BDMAP_00123419
PU-pre-913869_non-contrast,BDMAP_00123420
PU-pre-913869_delayed,BDMAP_00123421
PU-pre-913869_venous,BDMAP_00123422
PU-pre-913869_arterial,BDMAP_00123423
PU-pre-913869_non-contrast,BDMAP_00123424
PU-pre-947609_delayed,BDMAP_00123431
PU-pre-947609_venous,BDMAP_00123432
PU-pre-947609_arterial,BDMAP_00123433
PU-pre-947609_non-contrast,BDMAP_00123434
PU-pre-971815_delayed,BDMAP_00123444
PU-pre-971815_venous,BDMAP_00123445
PU-pre-971815_arterial,BDMAP_00123446
PU-pre-971815_non-contrast,BDMAP_00123447
